Pays,Cas,Population,Mortalité,Couleur,TCas,TMortalité
Chine,90778,1439323774,4739,#1c819a,6.3069895488296,3.2925183934327
France,718873,65273512,32684,#1c819a,1101.3242247483,500.72378517032
Allemagne,322864,83783945,9615,#1c819a,385.35306495773,114.75945659995
Italie,349494,60461828,36140,#1c819a,578.04074332652,597.73250653288
Portugal,85574,10196707,2067,#1c819a,839.23172451655,202.71250316401
Espagne,861112,46754783,32929,#1c819a,1841.7623711354,704.29158017908
Suisse,60230,8654618,1793,#1c819a,695.92904042674,207.17263315377
Royaume-Uni,590844,67886004,42760,#1c819a,870.34729574008,629.87946676019
États-Unis,7718947,331002647,214377,#1c819a,2331.9895082289,647.65947324886
