Pays,Cas,Population,Mortalité,Couleur,TCas,TMortalité
Chine,91299,1439323774,4739,#1c819a,6.3431871028068,3.2925183934327
France,1331984,65273512,36565,#1c819a,2040.6194782349,560.18128762552
Allemagne,518753,83783945,10452,#1c819a,619.15561507637,124.74943737729
Italie,647674,60461828,38321,#1c819a,1071.2114096186,633.80485287345
Portugal,137272,10196707,2468,#1c819a,1346.2385454441,242.03892491958
Espagne,1185678,46754783,35878,#1c819a,2535.9501721995,767.36534099624
Suisse,153728,8654618,2035,#1c819a,1776.2540183749,235.13458364078
Royaume-Uni,989745,67886004,46229,#1c819a,1457.9514799545,680.97983790591
États-Unis,9047427,331002647,229708,#1c819a,2733.3397729596,693.9763233978
