Pays,Cas,Population,Mortalité,Couleur,TCas,TMortalité
Chine,90456,1439323774,4739,#1c819a,6.2846179319762,3.2925183934327
France,527446,65273512,31700,#1c819a,808.05518783791,485.64875749293
Allemagne,284140,83783945,9457,#1c819a,339.13418614986,112.87365377699
Italie,308104,60461828,35818,#1c819a,509.58432814833,592.40683229095
Portugal,72939,10196707,1944,#1c819a,715.31917117948,190.64978526891
Espagne,716481,46754783,31232,#1c819a,1532.422896712,667.99582836263
Suisse,51864,8654618,1778,#1c819a,599.26388432164,205.43945440457
Royaume-Uni,429277,67886004,41971,#1c819a,632.3497845005,618.25704161347
États-Unis,7078798,331002647,204497,#1c819a,2138.5925653942,617.81076935013
